{
    "r2": 0.16728828338436919,
    "mse": 584.4266863502947,
    "rmse": 24.17491853864858,
    "mae": 19.292273213895278,
    "mape": 17.971173286384644
}