{
    "r2": 0.005701352099209411,
    "mse": 697.8341392828793,
    "rmse": 26.416550480387844,
    "mae": 21.167442554189428,
    "mape": 19.75407841928762
}